[
    {
        "path": "404.html",
        "type": "file",
        "md5": "544ff961d93b2eced8e5a094f6a8c97b"
    },
    {
        "path": "assets",
        "type": "directory",
        "md5": false
    },
    {
        "path": "assets/css",
        "type": "directory",
        "md5": false
    },
    {
        "path": "/assets/css/editor.css",
        "type": "file",
        "md5": "e5909a88ba1158a79ba2dbf82d6b2d86"
    },
    {
        "path": "/assets/css/main.css",
        "type": "file",
        "md5": "20c63eb052ce015288b2bdf5841729f6"
    },
    {
        "path": "/assets/css/style.css",
        "type": "file",
        "md5": "1f9233edbfae5058ccbf0ac9ab563792"
    },
    {
        "path": "assets/dynamic",
        "type": "directory",
        "md5": false
    },
    {
        "path": "assets/dynamic/fonts",
        "type": "directory",
        "md5": false
    },
    {
        "path": "assets/dynamic/fonts/jetbrainsmono",
        "type": "directory",
        "md5": false
    },
    {
        "path": "/assets/dynamic/fonts/jetbrainsmono/jetbrainsmono-italic.woff2",
        "type": "file",
        "md5": "ea0a62e6606b4f4b0d534256db7d31cf"
    },
    {
        "path": "/assets/dynamic/fonts/jetbrainsmono/jetbrainsmono.woff2",
        "type": "file",
        "md5": "5affdf56bdbffc36af64d2616187b531"
    },
    {
        "path": "assets/js",
        "type": "directory",
        "md5": false
    },
    {
        "path": "/assets/js/scripts.js",
        "type": "file",
        "md5": "51db36ac9bfaaa60d4fb7a583c143c99"
    },
    {
        "path": "/assets/js/scripts.min.js",
        "type": "file",
        "md5": "c2232aa7558e9517946129d2a1b8c770"
    },
    {
        "path": "/assets/js/svg-fix.js",
        "type": "file",
        "md5": "7c0d2bb7276904b382e80bf2d85e8a96"
    },
    {
        "path": "/assets/js/svg-map.js",
        "type": "file",
        "md5": "12d66f2b2cce51311dd05cef039befb6"
    },
    {
        "path": "assets/svg",
        "type": "directory",
        "md5": false
    },
    {
        "path": "/assets/svg/svg-map.svg",
        "type": "file",
        "md5": "d167697bcc673e5b8139fbdc5b9f5240"
    },
    {
        "path": "authors",
        "type": "directory",
        "md5": false
    },
    {
        "path": "authors/kwigbo",
        "type": "directory",
        "md5": false
    },
    {
        "path": "/authors/kwigbo/index.html",
        "type": "file",
        "md5": "2bc9daa3ce09078b41d319cf5f723225"
    },
    {
        "path": "index.html",
        "type": "file",
        "md5": "76e1e1592ace59dcbfeea7994c023f3a"
    },
    {
        "path": "media",
        "type": "directory",
        "md5": false
    },
    {
        "path": "media/website",
        "type": "directory",
        "md5": false
    },
    {
        "path": "/media/website/kwigbo-80X80.png",
        "type": "file",
        "md5": "483c47ac29b15b5e516ec73cf31d631a"
    },
    {
        "path": "media/website/responsive",
        "type": "directory",
        "md5": false
    },
    {
        "path": "/media/website/responsive/kwigbo-80X80-lg.png",
        "type": "file",
        "md5": "4dc5a652ed218ba6d7e03bd4d1b33f0e"
    },
    {
        "path": "/media/website/responsive/kwigbo-80X80-md.png",
        "type": "file",
        "md5": "4dc5a652ed218ba6d7e03bd4d1b33f0e"
    },
    {
        "path": "/media/website/responsive/kwigbo-80X80-sm.png",
        "type": "file",
        "md5": "4dc5a652ed218ba6d7e03bd4d1b33f0e"
    },
    {
        "path": "/media/website/responsive/kwigbo-80X80-xs.png",
        "type": "file",
        "md5": "4dc5a652ed218ba6d7e03bd4d1b33f0e"
    },
    {
        "path": "robots.txt",
        "type": "file",
        "md5": "b6216d61c03e6ce0c9aea6ca7808f7ca"
    },
    {
        "path": "tags",
        "type": "directory",
        "md5": false
    },
    {
        "path": "/tags/index.html",
        "type": "file",
        "md5": "d7543f34925d42951b67287d2ef4c59d"
    },
    {
        "path": "test-post-title.html",
        "type": "file",
        "md5": "788b6496f2b8f4b6ed5f49c09936bef0"
    }
]